Episode,Reward,Loss,Entropy
1,11,2.9932,1.3828
2,21,2.9712,1.1296
3,21,7.5576,1.3633
4,1,8.7031,1.2325
5,11,2.7792,1.2573
6,21,10.7175,1.4297
7,11,4.8256,1.0263
8,56,6.5177,0.9317
9,11,11.7869,1.1609
10,21,7.3837,0.5348
11,1,8.9986,0.3580
12,21,6.1125,0.3235
13,11,3.6290,0.2911
14,11,8.3705,0.4845
15,11,8.2915,0.7907
16,1,13.4231,0.9177
17,11,4.3030,1.0743
18,26,5.4464,0.8390
19,-9,13.3654,1.2389
20,21,9.1127,1.0863
21,26,18.8872,1.1222
22,46,9.0799,1.0191
23,46,9.5791,1.0229
24,46,6.4550,1.1432
25,36,19.3429,0.8200
26,1,37.2929,1.4211
27,36,12.4452,0.9255
28,1,15.0237,0.8347
29,36,5.5501,0.7146
30,36,7.4828,0.6871
31,11,9.2633,0.7652
32,21,17.7770,0.9572
33,36,11.8241,0.6606
34,45,14.5328,0.4853
35,21,7.0387,0.6673
36,36,12.6392,0.7280
37,11,7.6623,0.8106
38,21,7.6448,0.8733
39,11,9.8828,0.8416
40,26,16.6940,0.6684
41,36,8.2445,0.6750
42,1,11.7422,0.6746
43,71,9.4552,0.7394
44,36,15.8332,0.8045
45,36,6.9318,0.6384
46,21,9.5370,0.8112
47,21,5.9249,0.6790
48,1,24.7743,0.9565
49,11,2.6227,0.6988
50,1,7.8155,0.8081
51,11,5.7833,0.9279
52,1,10.4978,1.0130
53,21,6.1191,0.9920
54,21,2.9860,0.8373
55,26,8.7343,0.7564
56,36,4.7088,0.8170
57,1,6.6169,0.8055
58,46,6.4181,0.7226
59,36,8.3120,0.7523
60,11,3.1735,0.8540
61,11,14.5980,0.8412
62,-9,48.3682,1.3540
63,11,3.4055,1.0352
64,36,7.3393,0.9929
65,11,3.3744,1.2542
66,21,12.6101,1.5170
67,36,8.4867,1.1094
68,46,10.6674,1.1371
69,61,16.2534,1.0855
70,11,13.0305,1.2894
71,21,5.6087,1.0643
72,36,10.0471,0.9142
73,1,12.6774,0.8093
74,36,10.6305,0.7814
75,11,6.4947,0.7411
76,46,3.9552,0.8764
77,26,9.4886,0.8421
78,1,6.6632,1.3205
79,56,6.1833,1.0387
80,21,9.0579,1.1845
81,11,8.5343,0.9184
82,21,7.9927,1.1793
83,21,4.0696,1.1405
84,21,4.2685,0.8070
85,21,4.1219,0.7241
86,46,2.8218,0.8626
87,46,5.6951,1.1208
88,46,6.3024,0.9576
89,36,13.9971,0.9481
90,21,5.7002,1.2261
91,26,15.6934,0.9779
92,11,10.4643,1.2019
93,11,10.6040,0.9710
94,21,4.3557,1.1807
95,36,7.9368,1.0353
96,11,6.8209,1.1328
97,56,3.3603,1.0968
98,11,5.8358,1.0902
99,11,4.7774,1.0319
100,11,10.9759,1.3444
101,21,4.1025,1.2974
102,36,3.1038,1.3553
103,46,9.2433,1.0204
104,26,24.5724,0.9193
105,21,16.4153,0.9141
106,21,3.3065,0.6840
107,21,5.9337,0.8794
108,21,5.6371,1.0175
109,21,4.6265,0.8848
110,36,20.5201,0.9843
111,11,5.5291,1.0426
112,46,8.6355,0.8186
113,21,3.0353,0.9045
114,26,19.6738,0.9041
115,-1,15.5266,0.3575
116,36,12.9235,0.8243
117,21,3.1521,1.1238
118,46,3.2678,0.6500
119,46,4.9722,0.8526
120,11,18.5162,1.3309
121,26,8.6481,0.9271
122,26,8.4414,0.9595
123,46,4.7382,0.9658
124,21,5.3232,0.9558
125,36,4.8474,0.7014
126,36,14.3224,1.1171
127,1,14.5873,0.5695
128,36,10.3099,0.4251
129,1,42.6552,0.6686
130,11,7.9107,0.1874
131,36,6.2783,0.0985
132,1,19.3495,0.3310
133,36,5.9109,0.3896
134,-9,17.1566,0.4970
135,46,9.4074,0.4768
136,21,3.4427,0.3174
137,21,4.5044,0.3244
138,1,13.4940,0.5295
139,36,11.2082,0.3600
140,61,9.7813,0.4322
141,11,13.9623,1.2412
142,26,10.6781,1.0769
143,-9,45.8422,1.0307
144,36,6.1580,0.7592
145,0,3.5575,0.4303
146,58,2.1834,0.7236
147,29,6.5326,0.7529
148,-1,6.9792,0.3152
149,11,13.7542,1.0718
150,46,11.0658,1.1952
151,11,10.1847,0.7336
152,1,20.0990,1.5605
153,21,3.8241,1.0453
154,1,7.5111,0.7882
155,21,9.4472,1.2526
156,26,9.5691,0.9031
157,36,21.3715,1.1598
158,46,6.2857,0.9532
159,61,12.5565,0.9600
160,21,8.8004,1.4514
161,61,16.1671,1.0529
162,11,11.7747,0.7822
163,11,7.6441,1.1924
164,11,5.8996,1.0737
165,21,1.4188,1.3731
166,36,10.9352,1.2326
167,11,12.3628,1.3893
168,35,4.7704,1.0003
169,26,12.1566,1.1198
170,46,2.0523,1.0203
171,46,9.2155,1.0227
172,1,19.9783,1.0797
173,26,12.1372,0.8844
174,11,5.4814,1.3889
175,11,4.6836,0.9414
176,1,14.4031,1.0482
177,46,4.1590,0.9729
178,1,11.9891,1.3365
179,46,14.0996,1.0018
180,26,19.7190,1.3070
181,11,7.3558,1.1043
182,11,5.3882,1.0501
183,21,6.8174,0.9878
184,36,5.9925,0.9676
185,46,5.6980,1.0056
186,1,15.0172,1.0776
187,71,8.7456,1.1081
188,21,4.6885,1.1245
189,1,16.7442,0.8755
190,46,4.5625,1.1280
191,26,6.6047,1.1191
192,56,7.4602,1.2169
193,1,26.6980,1.3301
194,46,8.6171,1.0689
195,11,10.3514,1.2174
196,36,9.7199,1.3290
197,21,3.3106,1.0702
198,21,4.4994,1.2738
199,26,14.9959,1.1369
200,1,21.1898,1.5358
201,11,5.9839,1.1985
202,1,3.6673,1.0668
203,56,6.3787,1.1665
204,36,12.6278,1.0945
205,56,11.8788,0.8475
206,21,9.4944,0.8676
207,11,17.9545,1.0933
208,36,17.6066,1.1575
209,36,22.7931,0.8897
210,36,14.4527,1.0519
211,36,3.8938,0.9512
212,21,4.4304,1.1432
213,21,3.0845,1.1490
214,1,27.2176,1.5006
215,11,4.4098,1.3222
216,11,5.3946,1.1099
217,11,1.1246,1.0926
218,11,2.7006,1.5073
219,36,5.5908,1.0532
220,36,4.1554,1.0740
221,1,6.5410,1.0432
222,36,2.3318,1.2727
223,21,2.4402,1.2833
224,21,7.4703,1.3432
225,11,4.6681,1.1544
226,36,10.2724,1.3022
227,36,8.1918,1.1388
228,21,1.6742,1.4439
229,46,2.5492,1.2265
230,81,7.2381,1.0503
231,11,10.4596,1.0871
232,36,6.5932,0.9698
233,11,8.7985,1.4517
234,11,8.4989,1.4836
235,36,7.9657,1.2879
236,1,14.2648,1.2437
237,36,6.5715,1.1335
238,36,3.3583,1.0766
239,1,19.3304,1.6259
240,35,5.6210,1.2730
241,11,5.7246,1.2043
242,1,8.8106,1.3010
243,11,4.3814,1.2500
244,46,5.8354,1.1323
245,36,4.9277,1.1871
246,1,7.0668,1.1606
247,11,3.3264,1.1397
248,1,10.0346,1.0818
249,46,7.6982,1.0889
250,26,5.5151,1.1994
251,71,7.5441,1.0744
252,36,4.0732,1.2444
253,21,7.3571,1.0737
254,36,5.4445,1.1219
255,61,12.2267,1.0277
256,-9,59.4126,1.5335
257,21,2.3678,1.3052
258,26,6.6746,0.9851
259,36,5.6368,1.2011
260,1,27.1195,1.6622
261,11,10.7299,1.3845
262,1,7.7108,1.1541
263,21,6.5113,1.0526
264,71,1.9219,0.9455
265,36,1.8006,1.0137
266,11,6.0636,1.2529
267,36,6.5885,1.2754
268,11,12.8060,1.0209
269,1,6.2140,0.9773
270,36,0.8907,1.0218
271,11,16.8549,1.2957
272,36,8.4358,0.9815
273,11,8.1268,1.2333
274,11,4.7167,0.9232
275,11,8.4662,1.0051
276,1,5.6518,1.1331
277,11,2.0898,1.1975
278,21,2.5677,1.0762
279,56,3.7520,1.2143
280,91,6.8899,0.9894
281,21,4.1971,1.5180
282,11,7.1287,1.3274
283,11,3.0708,1.3186
284,1,7.8017,1.1846
285,1,13.9645,1.3214
286,35,4.1526,1.1523
287,71,7.4105,1.2431
288,11,11.8997,1.1555
289,36,4.8941,1.2952
290,11,3.4558,1.1334
291,21,8.9688,1.3465
292,1,24.4266,1.3813
293,11,6.2436,1.2237
294,21,0.6133,1.4400
295,36,8.8419,1.1257
296,11,3.5753,1.1500
297,1,18.8049,1.3197
298,46,6.8519,1.1414
299,56,3.1337,1.0826
300,11,11.0216,1.0794
301,21,2.1330,1.3578
302,21,2.8537,1.1528
303,36,15.5496,1.1661
304,21,5.6196,1.1070
305,36,12.2039,0.9788
306,36,10.5879,1.0762
307,36,7.8907,1.1405
308,36,6.4034,1.3072
309,26,7.6066,1.3317
310,21,7.2662,1.0726
311,21,3.9386,1.0406
312,1,28.0389,1.3193
313,36,3.5332,0.9561
314,21,1.8537,1.2584
315,11,6.5828,1.1679
316,36,2.8968,0.9636
317,46,3.8418,1.0398
318,46,2.9310,1.1528
319,36,12.8858,1.1285
320,11,12.4148,1.0393
321,37,8.4005,1.1799
322,36,7.8715,1.3195
323,36,2.8631,1.1355
324,1,17.4989,1.6977
325,-9,26.8514,1.0864
326,1,6.4785,1.1767
327,-9,2.6247,1.1641
328,36,5.8221,1.2768
329,26,6.0334,1.2284
330,46,1.5713,1.2642
331,96,9.3922,1.1314
332,11,7.5418,1.4406
333,11,3.9891,1.1139
334,21,1.3311,1.5804
335,1,9.0817,1.2013
336,21,4.0564,1.2578
337,36,7.6207,1.1713
338,56,2.8536,1.0828
339,1,25.8534,1.0726
340,36,9.5256,1.1391
341,36,9.6099,1.1557
342,21,1.6555,1.3480
343,11,7.8904,1.2660
344,36,2.2234,1.3035
345,11,6.2286,1.2878
346,21,6.0547,1.2819
347,46,2.3737,1.2489
348,21,4.7521,1.3425
349,36,3.5142,0.9971
350,46,5.1973,1.2000
351,36,11.7395,1.3730
352,36,9.8938,1.1892
353,1,11.6590,1.2444
354,46,5.8841,1.1084
355,11,12.7844,0.9863
356,36,2.1136,1.1533
357,1,15.5965,1.6072
358,36,9.1585,1.1222
359,11,4.4873,1.3996
360,11,4.2637,1.2009
361,36,17.2399,1.0834
362,21,3.8260,1.5746
363,36,5.5873,1.0146
364,26,7.7350,1.1352
365,21,2.4495,1.2180
366,36,3.0142,1.2709
367,21,1.8306,1.4468
368,1,19.0010,1.4586
369,21,4.5044,1.1426
370,21,2.6649,1.1543
371,36,3.2310,1.2291
372,21,5.2213,1.1595
373,46,3.8923,1.1622
374,1,19.4066,1.4429
375,27,8.4991,1.1296
376,21,4.5513,1.4689
377,46,3.9729,1.0342
378,1,11.3329,1.2441
379,26,6.6786,1.0383
380,1,30.7339,1.5830
381,1,8.8019,1.3028
382,11,5.4499,1.1678
383,11,3.0966,1.0680
384,11,0.8980,1.2158
385,46,14.5112,0.9533
386,11,12.5773,1.1525
387,11,5.5321,1.2148
388,11,2.3239,0.9248
389,11,3.3829,1.1478
390,11,1.7823,0.9888
391,11,2.5710,1.2649
392,1,6.6351,1.1730
393,1,4.8651,1.0816
394,46,15.2520,1.0855
395,1,8.4650,1.3544
396,1,10.8536,1.4143
397,1,13.8823,1.1828
398,36,3.6170,1.3178
399,46,5.3819,1.3241
400,21,4.0904,1.1197
401,26,13.3055,1.2869
402,11,4.5368,1.2567
403,11,8.6123,1.1537
404,1,6.7683,1.2272
405,36,1.8740,1.2043
406,61,14.9356,1.2483
407,91,3.3834,1.2158
408,36,5.3338,1.0402
409,36,2.1995,1.2374
410,11,9.4932,1.1105
411,11,16.7217,1.4062
412,36,8.7735,1.0787
413,61,12.9940,1.1922
414,81,5.0798,1.1725
415,36,14.8645,1.3341
416,46,5.8057,1.0353
417,21,4.9617,0.9418
418,1,18.9352,1.4387
419,11,3.4892,1.0489
420,66,4.4373,1.1405
421,21,5.0817,1.2006
422,21,2.3937,1.2576
423,1,25.7281,1.2199
424,36,4.4977,0.9365
425,11,3.8475,0.7431
426,21,1.2657,0.8287
427,21,4.1175,0.8866
428,36,1.1603,0.9779
429,21,2.0519,1.0280
430,36,10.1492,0.9960
431,36,8.2585,0.9013
432,11,5.8027,1.0105
433,11,10.8478,1.0401
434,-9,22.7174,0.8615
435,71,4.2832,1.0593
436,21,5.4286,1.1005
437,21,1.5806,1.4107
438,1,4.5483,1.0242
439,11,1.4890,1.0236
440,36,2.9954,0.9992
441,1,15.6459,1.1914
442,1,8.7846,1.2717
443,1,4.8228,1.3483
444,11,2.0775,1.0624
445,1,3.8213,1.3347
446,36,4.4921,1.3140
447,71,13.8903,1.1741
448,11,2.4811,1.3436
449,36,4.2030,1.2697
450,11,3.6410,1.1389
451,1,7.5312,1.0521
452,26,4.3128,1.2082
453,46,7.6852,1.0754
454,36,2.7700,1.2773
455,1,13.4201,1.3309
456,21,1.7837,1.0928
457,36,2.9848,1.1364
458,36,3.3982,1.2444
459,21,6.7904,1.2212
460,46,4.4666,1.1303
461,36,7.0773,1.2224
462,1,13.6997,1.0243
463,11,10.8876,1.5244
464,1,16.3631,1.4053
465,11,4.1847,1.0426
466,11,2.6318,1.4570
467,-9,22.2654,1.2872
468,36,13.7629,1.1267
469,1,7.7126,1.1843
470,11,3.5270,1.4336
471,11,1.9546,1.2176
472,21,3.4075,1.5006
473,21,0.8563,1.1464
474,36,2.9216,1.2369
475,46,5.6131,1.1578
476,11,7.6292,1.1276
477,1,22.0001,1.4917
478,1,14.6889,1.1079
479,26,6.9211,1.0401
480,-9,12.1914,1.4987
481,36,6.1273,1.2555
482,21,2.4699,1.3882
483,26,3.8438,1.1293
484,21,2.2994,1.0960
485,21,7.3795,1.4223
486,11,5.4794,1.3386
487,11,2.4054,1.0923
488,21,0.9802,1.0804
489,26,2.9604,1.0472
490,35,4.6173,1.1831
491,36,20.0367,1.2516
492,11,7.0809,1.3136
493,11,4.8056,1.3950
494,11,3.7331,1.2665
495,46,3.4564,1.1261
496,21,5.3558,1.3238
497,11,8.1239,1.4786
498,26,5.5968,1.1198
499,11,6.7882,1.0924
500,1,7.1805,1.2940
501,1,4.5258,1.2426
502,36,6.7348,1.0805
503,36,4.2809,1.2704
504,21,5.8895,1.4411
505,1,11.6185,1.5153
506,21,1.4939,1.3167
507,26,4.9760,1.1772
508,46,2.2016,1.2876
509,1,9.0726,1.0945
510,46,2.0410,1.2614
511,36,7.6539,1.2232
512,1,11.3813,1.0946
513,1,12.0149,1.4438
514,-9,22.3878,1.3939
515,21,4.0566,1.3832
516,36,5.0558,1.3678
517,26,6.2635,1.1510
518,-9,12.9162,1.3486
519,61,8.5162,1.0750
520,36,13.1193,1.3546
521,1,20.5126,1.4311
522,21,5.4106,1.3327
523,46,6.0700,1.0017
524,1,20.2978,1.0596
525,11,2.7597,1.4890
526,36,6.5872,0.9406
527,1,10.3253,1.0963
528,46,5.3165,1.1049
529,1,8.5457,1.2002
530,11,3.8334,1.2095
531,36,10.6214,1.1393
532,1,11.5214,1.5500
533,11,2.3279,1.1909
534,21,3.8723,1.5151
535,26,13.4088,1.2545
536,1,14.9453,1.5312
537,21,1.0428,1.0801
538,26,11.9405,1.1230
539,21,5.1159,1.1038
540,56,3.3393,0.9472
541,21,4.8346,1.4964
542,21,4.7551,1.2107
543,36,5.5888,1.1103
544,36,4.8003,1.1765
545,46,4.0920,1.2241
546,1,12.0730,1.2596
547,36,5.8210,1.3328
548,36,2.9061,1.2157
549,11,3.8130,1.2239
550,36,5.4425,1.1403
551,36,4.2522,1.3209
552,36,4.7837,1.2116
553,-9,13.9949,1.0941
554,1,2.9871,1.1229
555,11,8.5126,1.5729
556,21,1.1182,1.2839
557,26,5.9003,1.1324
558,21,4.5732,1.5086
559,36,3.3950,1.0753
560,11,8.2661,1.5728
561,21,2.8060,1.0356
562,11,8.4034,1.4876
563,56,4.2913,1.1448
564,1,14.7008,1.3915
565,36,7.0961,1.1674
566,26,3.4336,1.0949
567,21,0.5711,1.4764
568,46,3.7168,1.1345
569,21,3.9562,1.3592
570,11,7.0294,1.0979
571,1,5.9203,1.0635
572,21,14.4877,1.3367
573,36,7.8562,1.0264
574,1,9.0423,1.5037
575,11,6.8539,0.9568
576,11,2.8322,1.1758
577,11,4.8421,1.3823
578,36,3.0789,1.0980
579,36,3.7049,1.1172
580,46,2.7895,1.2383
581,46,2.5060,1.0448
582,1,16.7367,1.4215
583,21,1.6850,1.2597
584,36,5.0291,1.3125
585,11,4.8821,1.2615
586,36,3.1720,1.0935
587,21,2.0727,1.1060
588,11,4.2263,1.1939
589,46,5.6099,1.3683
590,21,4.6180,1.4143
591,35,5.1646,1.1161
592,36,8.6080,1.0747
593,36,5.9091,1.2813
594,21,5.9342,1.1691
595,36,0.5130,1.2041
596,21,9.2706,1.2513
597,11,5.4771,1.2682
598,36,7.8638,1.1866
599,1,7.3571,1.3042
600,21,3.2469,1.0448
601,11,5.8903,1.1248
602,36,5.1990,1.1454
603,46,5.4351,1.2208
604,36,14.6923,1.0518
605,11,9.4745,1.1233
606,11,6.2171,1.5010
607,11,14.1153,1.3653
608,36,1.9278,1.1055
609,21,1.4463,1.3346
610,36,6.3932,1.1721
611,26,7.3894,1.2126
612,21,5.1355,1.3361
613,1,18.9674,1.5988
614,11,1.0565,1.4010
615,11,0.9037,1.1919
616,1,7.9596,1.2421
617,1,0.8085,1.5369
618,21,1.5102,1.5216
619,46,8.5916,1.3796
620,11,3.1064,1.2589
621,21,2.3108,1.0898
622,1,21.7271,1.5472
623,11,3.2647,1.2714
624,1,8.8149,1.5926
625,11,2.5119,1.5434
626,21,0.5478,1.4100
627,56,5.3955,1.1553
628,21,2.9360,1.1670
629,21,2.1442,1.1075
630,46,4.9368,1.1002
631,21,2.4284,1.0832
632,1,22.9501,1.3164
633,21,3.2473,1.4453
634,11,2.5089,1.1002
635,36,8.0469,1.2887
636,1,10.6760,1.6229
637,21,2.4661,1.4855
638,11,10.8194,1.0654
639,11,10.7529,1.3148
640,46,1.3019,1.1488
641,11,4.5349,1.1618
642,1,9.4408,1.2142
643,1,10.9555,1.4686
644,21,3.4616,1.3029
645,36,3.0770,1.1541
646,36,5.2390,1.1153
647,36,3.3585,1.3162
648,11,6.3383,1.3839
649,21,1.3122,1.2812
650,36,1.9197,1.1082
651,11,10.6952,1.1964
652,21,5.7308,1.3407
653,36,8.2214,1.1344
654,36,7.9423,1.1708
655,36,4.4588,1.0207
656,11,7.4840,1.2717
657,11,7.2671,1.3560
658,11,3.9487,1.1648
659,21,0.7440,1.2727
660,27,11.2586,1.0796
661,-9,13.8242,1.1050
662,11,2.8035,1.3079
663,36,3.0831,1.0307
664,11,1.8689,1.4787
665,21,1.4957,1.1912
666,35,0.8455,1.1921
667,1,12.7175,1.2648
668,21,1.2370,1.2187
669,46,3.1189,0.9758
670,11,5.0612,1.2200
671,21,0.6362,1.3585
672,36,11.6707,1.0051
673,11,4.1876,0.9691
674,46,1.7903,1.1729
675,11,3.3770,1.0325
676,35,10.2174,1.3055
677,36,8.3449,1.4010
678,11,10.2075,1.4942
679,11,2.9914,1.1674
680,26,5.8838,1.2110
681,46,2.8083,1.1927
682,11,3.9101,1.1032
683,36,1.8798,1.2833
684,36,2.8764,1.3191
685,36,3.1523,1.0953
686,1,8.1542,1.2812
687,-9,21.0641,1.5514
688,11,0.5265,1.0524
689,26,1.8160,1.1510
690,81,5.8136,1.1300
691,11,4.8342,1.1364
692,36,5.8942,1.0912
693,21,2.3748,1.2406
694,21,4.5167,1.0602
695,46,1.1649,1.2066
696,46,5.7707,1.0847
697,21,4.7585,1.3572
698,71,7.8389,1.0327
699,11,10.0379,1.1271
700,56,4.4157,1.1550
701,11,5.4865,1.5010
702,11,4.3173,1.0803
703,21,0.9217,1.1786
704,46,3.7601,1.3185
705,46,8.7729,1.2465
706,21,3.6907,1.3352
707,1,19.6413,1.1689
708,26,17.8824,1.3595
709,11,6.0625,1.4427
710,36,7.6609,1.2131
711,21,3.7278,1.1050
712,11,1.7539,1.1683
713,21,3.3857,1.2399
714,1,8.0326,1.2787
715,21,6.3111,1.4142
716,26,3.6856,1.1255
717,26,1.5211,1.0785
718,46,11.0063,1.3206
719,26,6.8597,1.2516
720,46,1.8066,0.9900
721,1,5.3327,1.1077
722,26,2.6124,1.0353
723,1,9.8403,1.2061
724,1,3.9092,1.0808
725,61,5.8010,1.1080
726,11,1.5519,1.1799
727,21,1.7785,1.3051
728,21,2.9966,1.3922
729,21,4.8659,1.0853
730,36,7.0839,1.3212
731,11,11.8831,1.3207
732,26,4.7138,1.4024
733,21,5.4186,1.3258
734,36,1.8238,1.1347
735,81,4.3047,1.0784
736,21,3.4428,1.2949
737,21,3.1198,1.2366
738,56,1.9462,1.2134
739,21,0.9370,1.1750
740,26,6.9908,1.1186
741,11,6.8178,1.1904
742,36,2.6820,1.0752
743,11,3.2749,1.2933
744,61,3.6882,1.1596
745,11,13.0035,1.1809
746,21,0.9325,1.4855
747,21,4.1234,1.4562
748,46,10.8179,1.3368
749,21,3.3765,1.3509
750,1,22.4399,1.3409
751,21,7.3836,1.3801
752,36,4.0462,1.2716
753,11,4.4688,1.4054
754,1,11.2128,0.9949
755,-9,21.0923,1.3064
756,46,3.9006,1.0861
757,21,5.2824,1.3846
758,1,14.2280,1.0810
759,46,7.7034,1.1336
760,1,13.4906,1.2063
761,36,2.9336,1.1273
762,11,4.1864,1.0487
763,36,10.8760,1.1960
764,46,2.6433,1.2547
765,11,17.9304,1.3525
766,21,2.6345,1.0994
767,1,10.9082,1.6000
768,1,5.0342,1.2268
769,21,1.6697,1.3459
770,11,4.5726,1.3108
771,36,3.3380,1.2407
772,11,2.2927,1.1551
773,36,5.9798,1.2589
774,21,7.0235,1.5312
775,11,2.4141,1.1128
776,11,5.4060,1.0470
777,26,12.1307,1.3940
778,46,11.7331,1.3912
779,21,3.0596,1.1611
780,36,3.9993,0.8997
781,36,3.6425,1.2061
782,46,2.0383,0.9921
783,46,4.4942,1.0247
784,36,1.4781,1.0320
785,46,5.0365,1.0868
786,11,7.0770,1.1219
787,36,8.7947,1.3117
788,36,4.3096,1.1042
789,1,10.0718,1.1700
790,36,1.8287,1.1158
791,-9,11.1225,1.4115
792,21,1.2265,1.0098
793,46,1.1482,1.1594
794,1,9.7951,1.4181
795,11,1.9508,1.1989
796,26,4.7577,1.1766
797,46,4.2426,1.4025
798,21,3.4317,1.1820
799,-9,22.1521,1.3910
800,26,9.7665,1.1319
801,56,3.6057,1.0993
802,71,2.7571,0.9492
803,1,16.9849,1.0557
804,36,1.2878,1.1726
805,11,2.2132,1.1276
806,36,2.8289,1.3668
807,46,1.1899,1.2352
808,36,2.3410,1.0512
809,36,2.1302,1.2173
810,21,4.0052,1.4339
811,46,2.7484,1.1132
812,36,0.4346,1.2175
813,36,3.3046,1.3445
814,21,3.7756,1.2725
815,36,4.1554,1.1872
816,36,2.7348,1.2589
817,36,4.8530,1.0727
818,11,3.3309,1.2632
819,21,5.4189,1.4400
820,21,1.9932,1.3608
821,26,14.0978,1.0547
822,1,7.1047,1.1635
823,36,5.0610,1.2655
824,26,18.3504,1.0815
825,26,6.3192,1.1853
826,36,3.5239,1.2261
827,36,3.9518,1.0088
828,46,1.9963,0.9655
829,36,5.5528,1.3454
830,36,1.2712,1.0511
831,36,4.9234,1.0569
832,21,8.4016,1.3384
833,26,10.0352,1.2190
834,1,8.0570,1.0910
835,26,5.0981,1.0290
836,21,1.6876,1.1330
837,21,4.9642,1.0536
838,21,8.0279,1.3693
839,45,2.3595,1.1205
840,11,7.1897,1.4736
841,46,2.6953,1.1542
842,26,17.6210,1.1515
843,11,1.5178,1.1550
844,1,8.6182,1.4186
845,36,1.3200,1.0830
846,11,7.8357,1.1167
847,46,6.6905,1.1676
848,46,4.9028,1.2163
849,36,3.0079,1.2549
850,11,12.1135,1.1937
851,11,5.4003,1.3812
852,56,2.5794,1.0119
853,46,2.0175,1.0285
854,1,9.0234,1.1864
855,36,2.9623,0.9989
856,71,1.0848,1.1901
857,26,9.3427,1.2273
858,11,5.9235,1.0770
859,21,2.0521,1.0971
860,1,5.3642,1.1198
861,1,13.4273,1.6003
862,46,4.5681,1.2364
863,11,4.7750,1.3440
864,46,6.1956,1.0987
865,36,1.8588,1.1482
866,-9,40.7495,1.4580
867,21,9.6227,1.2113
868,11,-0.1844,1.3890
869,11,0.4143,1.3420
870,36,7.2934,1.2057
871,21,2.2746,1.3072
872,71,3.0858,1.0808
873,11,12.6023,1.3569
874,1,9.6564,1.0510
875,11,3.8561,1.4286
876,26,3.5917,1.2641
877,21,1.3249,1.0100
878,36,1.3990,1.1641
879,1,9.7288,1.1454
880,21,0.8398,1.4585
881,81,5.8632,1.1455
882,46,2.1681,1.1734
883,21,1.1252,1.3792
884,11,4.1594,1.2533
885,36,14.7750,1.3196
886,21,2.2630,1.2467
887,11,7.3684,1.0854
888,1,9.1927,1.4485
889,11,3.5146,1.3399
890,46,5.9240,1.3201
891,46,4.4999,1.1863
892,1,35.9264,1.4771
893,46,7.1730,0.9511
894,11,5.7095,1.2692
895,36,3.4560,1.2465
896,26,4.9896,1.2074
897,21,3.1868,1.5148
898,36,13.0405,1.3151
899,1,19.7035,1.3768
900,26,6.0713,1.0856
901,11,5.4543,1.0932
902,11,1.6916,1.0755
903,1,4.4914,1.4519
904,1,5.5393,1.0602
905,36,1.3202,1.2206
906,21,3.0970,1.0936
907,36,1.3863,1.2037
908,1,14.3267,1.1931
909,37,12.2492,1.0379
910,36,1.9971,1.1093
911,36,6.8729,1.1566
912,-9,34.9620,1.0458
913,36,5.7960,1.1502
914,26,7.4864,1.1210
915,11,6.0947,1.1793
916,26,11.4240,1.1972
917,71,5.3386,1.0613
918,21,1.5582,1.1693
919,26,5.5577,1.0868
920,1,16.1006,1.1373
921,26,4.5184,1.0878
922,36,4.7968,1.2878
923,46,2.9215,1.0957
924,21,4.1007,1.5695
925,46,4.5034,1.0603
926,36,7.1462,1.3032
927,21,1.2939,1.4501
928,36,12.4091,1.2825
929,1,18.6858,1.0996
930,46,5.0580,0.9174
931,21,6.5948,1.0227
932,11,12.5643,1.3901
933,11,3.9271,1.1401
934,21,6.5325,1.0217
935,-9,38.3362,1.6697
936,21,1.8371,1.0966
937,26,1.5533,1.1243
938,1,15.1422,1.2154
939,71,11.2730,1.1378
940,56,6.9746,1.1151
941,26,5.1543,1.1831
942,1,13.5725,1.4171
943,36,10.7340,1.0928
944,1,17.4226,1.4050
945,11,2.4891,1.4282
946,21,7.7271,1.4142
947,36,5.0269,1.3176
948,36,12.9903,1.3285
949,11,9.1719,1.1011
950,26,5.5893,1.1835
951,26,5.2463,1.2012
952,36,2.9422,1.1964
953,36,6.5701,1.2427
954,11,3.5843,1.5521
955,1,6.5945,1.2202
956,21,2.5713,1.0841
957,46,2.1810,1.1490
958,36,1.9285,1.0700
959,11,6.9498,1.5012
960,26,7.3934,1.1255
961,1,11.9732,1.3087
962,32,0.6611,1.1334
963,1,7.0971,1.3600
964,11,1.6224,1.2962
965,21,-0.3233,1.3189
966,11,1.2816,1.2528
967,26,4.4963,1.0742
968,21,2.8507,1.1267
969,11,7.5973,1.1655
970,11,5.1127,1.1304
971,35,3.4906,1.1652
972,1,10.2089,1.4336
973,11,4.7585,1.3730
974,36,2.2822,1.4070
975,21,7.5464,1.3916
976,36,15.6341,1.1818
977,11,9.0225,1.3528
978,36,3.4825,1.1935
979,11,3.0278,1.2307
980,46,1.7328,1.3031
981,46,5.7832,1.0575
982,21,1.4025,1.2438
983,11,4.4646,1.4203
984,26,2.0766,1.1463
985,11,2.9660,1.2113
986,21,3.2980,1.3308
987,1,15.9226,1.2400
988,46,3.2649,1.2709
989,11,13.3635,1.3654
990,21,2.7020,1.0880
991,11,4.8000,1.0019
992,46,3.1577,1.0618
993,36,4.4268,1.2329
994,26,11.3823,1.1266
995,1,20.4712,1.3379
996,1,3.3443,1.2303
997,1,9.0688,1.4192
998,1,2.7922,1.0731
999,26,4.6241,1.1323
1000,21,2.5570,1.3558
1001,36,3.9829,1.0861
1002,11,8.2630,1.3134
1003,21,2.1244,1.1072
1004,1,15.8085,1.0909
1005,1,8.1477,1.5933
1006,11,1.4201,1.5847
1007,21,8.1028,1.3290
1008,35,1.8441,1.1188
1009,36,13.5544,1.0484
1010,36,2.4152,1.1830
1011,11,7.8046,1.5381
1012,36,1.2415,1.2037
1013,11,12.6257,1.0979
1014,11,6.8734,1.1662
1015,11,4.5872,1.3939
1016,11,2.9641,1.3290
1017,1,9.4259,1.5133
1018,26,7.7737,1.2750
1019,21,2.8642,1.2038
1020,1,12.3966,1.0766
1021,11,2.9294,1.2388
1022,21,1.9334,1.5413
1023,35,1.8133,1.1733
1024,21,1.7063,1.2737
1025,11,3.6700,1.2754
1026,56,4.7560,1.1829
1027,35,4.1023,1.0742
1028,11,15.0352,1.3225
1029,11,9.7295,1.1417
1030,11,3.5617,1.2174
1031,11,1.8401,1.3589
1032,36,1.1104,1.3023
1033,21,1.5984,1.4124
1034,11,8.0810,1.3201
1035,21,0.9557,1.5272
1036,11,3.1715,1.0404
1037,11,6.6514,1.2450
1038,11,5.2575,1.3476
1039,11,5.0607,1.5266
1040,11,4.1757,1.5680
1041,11,4.7895,1.3024
1042,46,3.7854,1.1416
1043,37,3.2069,1.0890
1044,36,6.5765,1.2726
1045,11,4.9305,1.2477
1046,21,5.6202,1.3112
1047,36,6.4585,1.1661
1048,21,3.5666,1.3013
1049,71,8.6781,1.1839
1050,11,11.2079,1.0721
1051,21,3.4462,1.2233
1052,-9,23.4066,1.3769
1053,1,4.6810,1.2797
1054,11,1.5113,1.1456
1055,21,1.2347,1.2846
1056,21,0.7929,1.1639
1057,11,0.7017,1.3417
1058,36,0.4101,1.3220
1059,36,1.6307,1.2982
1060,26,2.6478,1.0800
1061,11,6.9022,1.3637
1062,46,3.9189,1.1920
1063,11,4.7725,1.2732
1064,36,2.8951,1.1562
1065,36,4.2768,1.0521
1066,36,0.6860,1.1855
1067,1,12.3155,1.1901
1068,1,4.0463,1.2735
1069,21,0.7756,1.5390
1070,11,3.5984,1.0646
1071,26,4.8891,1.1142
1072,56,0.9493,1.0812
1073,21,2.4533,1.1766
1074,11,2.6871,1.1509
1075,36,1.5352,1.2000
1076,36,1.9149,1.2217
1077,-9,34.0467,1.3026
1078,21,6.8776,1.2570
1079,36,1.9061,1.0416
1080,11,1.1413,1.5020
1081,11,5.2088,1.2987
1082,11,1.5297,1.2793
1083,36,0.9340,1.1260
1084,36,1.6147,1.2991
1085,11,2.5532,1.3809
1086,36,10.8688,1.2527
1087,21,3.5040,1.3889
1088,36,2.9330,1.2125
1089,11,9.3838,1.3557
1090,26,9.0730,1.3329
1091,36,4.2238,1.2617
1092,11,3.5433,1.1161
1093,36,2.4530,1.1933
1094,21,2.1827,1.5516
1095,36,4.1557,1.1477
1096,11,3.8211,1.2364
1097,21,2.0615,1.2828
1098,21,1.7569,1.2566
1099,36,4.1306,1.1791
1100,1,17.5873,1.5068
1101,11,2.3854,1.3626
1102,46,0.9284,1.2417
1103,11,4.1524,1.1927
1104,36,3.8775,1.3056
1105,11,5.3138,1.3571
1106,26,15.6196,1.2110
1107,21,10.2736,1.2008
1108,36,1.1659,1.0781
1109,1,11.2100,1.1540
1110,46,2.7774,0.9782
1111,11,11.5828,1.1187
1112,36,4.9808,1.0155
1113,1,16.7619,0.8253
1114,46,7.9606,1.1877
1115,11,1.4310,1.2918
1116,36,4.0144,0.9829
1117,11,6.8038,1.3705
1118,-9,12.7463,1.2295
1119,1,2.0728,1.4159
1120,36,14.7018,1.3928
1121,36,3.9099,1.0597
1122,11,6.8294,1.4214
1123,11,6.2266,1.0610
1124,11,4.9792,1.2745
1125,46,3.6785,1.1433
1126,56,4.6795,1.1865
1127,26,13.7618,1.3829
1128,26,6.5437,1.1503
1129,11,2.8481,1.1234
1130,21,2.3354,1.2092
1131,11,7.5778,1.4149
1132,21,1.1950,1.5489
1133,11,2.8013,1.1729
1134,46,3.2451,1.1524
1135,46,6.1224,1.1180
1136,46,10.3332,1.1830
1137,21,3.8934,1.5511
1138,11,5.4199,1.4066
1139,21,3.8448,1.1126
1140,21,2.2814,1.3795
1141,1,26.5010,1.2774
1142,-8,23.5825,1.4444
1143,36,8.7554,1.1002
1144,11,3.4655,1.2233
1145,1,4.1371,1.7029
1146,1,3.4143,1.2814
1147,26,8.5093,1.3796
1148,1,6.4530,1.2618
1149,21,6.7903,1.2987
1150,11,2.3307,1.3065
1151,21,0.3301,1.5052
1152,36,0.5219,1.2308
1153,36,7.2689,1.1935
1154,11,9.0480,1.1401
1155,26,10.1815,1.3857
1156,11,4.3593,1.1577
1157,36,0.9997,1.0838
1158,46,4.2962,1.2272
1159,36,6.2892,1.2949
1160,21,6.7028,1.4648
1161,56,3.1918,1.2578
1162,56,5.5381,1.1681
1163,21,5.4748,1.1577
1164,36,9.7732,1.4092
1165,21,8.3708,1.1412
1166,1,21.3053,1.3591
1167,1,8.5866,1.2245
1168,11,2.5320,1.1131
1169,21,2.7142,1.2369
1170,11,3.7009,1.1111
1171,11,2.4300,1.4034
1172,81,9.6365,1.2074
1173,11,4.4793,1.2510
1174,11,2.8637,1.0887
1175,71,14.3077,1.1554
1176,46,5.3264,1.3595
1177,26,17.4388,1.2845
1178,36,7.8632,1.1318
1179,1,13.4262,1.1845
1180,21,2.8484,1.3187
1181,11,7.6502,1.2085
1182,-9,17.1635,1.4772
1183,11,4.9777,1.2048
1184,26,1.6392,1.2390
1185,26,7.3758,1.0910
1186,36,1.7597,1.1108
1187,26,5.1611,1.2827
1188,21,2.8526,1.3037
1189,11,4.6673,1.3093
1190,21,10.1516,1.3365
1191,21,1.1662,1.3201
1192,36,1.3138,1.3108
1193,11,9.8041,1.2284
1194,11,2.5516,1.1097
1195,26,19.4225,1.3244
1196,26,7.3026,1.0591
1197,11,4.4611,1.4870
1198,36,1.8610,1.1700
1199,11,14.0292,1.5303
1200,11,6.2981,1.2065
1201,11,6.0926,1.5540
1202,36,1.5412,1.1704
1203,11,4.4998,1.4590
1204,-9,22.6853,1.6548
1205,36,0.2194,1.2342
1206,36,0.9657,1.0690
1207,1,3.6682,1.5728
1208,11,1.3749,1.5029
1209,26,5.0590,1.2363
1210,11,6.0691,1.4423
1211,1,14.9147,1.3821
1212,26,3.0397,1.0891
1213,36,3.0719,1.1499
1214,21,5.9127,1.4777
1215,11,7.9976,1.5019
1216,11,3.8190,1.4238
1217,11,4.9987,1.4690
1218,116,2.4652,1.1182
1219,1,17.4616,1.5831
1220,26,2.6850,1.2315
1221,11,1.8832,1.0917
1222,11,9.8388,1.2351
1223,36,5.1915,1.1768
1224,36,0.3841,1.2349
1225,1,15.5816,1.1277
1226,11,8.7322,1.2336
1227,21,2.5662,1.1867
1228,1,4.5614,1.1787
1229,36,3.3526,1.4388
1230,1,11.6992,1.4789
1231,21,1.3897,1.5533
1232,36,0.7434,1.0832
1233,36,5.9156,1.2916
1234,1,15.3845,1.2251
1235,35,3.1845,1.1000
1236,11,4.9808,1.0455
1237,21,1.7401,1.1939
1238,21,6.0094,1.2477
1239,26,18.7434,1.1505
1240,21,1.0950,1.1370
1241,46,5.9540,1.0676
1242,36,7.1579,1.3413
1243,21,3.0691,1.4170
1244,46,2.9111,1.3140
1245,21,2.2696,1.0825
1246,36,5.7150,1.2888
1247,1,10.5805,1.3381
1248,71,6.5379,1.1856
1249,36,10.7185,1.2859
1250,26,9.3114,1.1053
1251,11,4.6879,1.0438
1252,36,7.7170,1.1111
1253,1,6.8447,1.1720
1254,21,1.7960,1.3369
1255,46,1.7382,1.2800
1256,11,10.0902,1.5772
1257,11,2.7109,1.3724
1258,21,3.9976,1.2942
1259,21,0.4441,1.5263
1260,11,2.7518,1.2774
1261,11,4.5571,1.3119
1262,46,9.6409,1.2722
1263,36,4.1062,1.0850
1264,1,34.5937,1.4997
1265,36,4.0188,1.0934
1266,46,2.7565,1.2561
1267,11,4.4088,1.2038
1268,1,4.8907,1.2112
1269,1,7.1398,1.6467
1270,21,1.4972,1.3842
1271,56,2.5698,1.1670
1272,36,6.6042,1.1041
1273,36,13.2994,1.2013
1274,46,5.5014,1.2033
1275,46,4.7889,1.0646
1276,36,3.9134,1.0839
1277,26,7.0254,1.0809
1278,36,6.3743,1.0778
1279,11,8.2594,1.1389
1280,26,4.0614,1.3046
1281,36,10.8127,1.3267
1282,21,5.1215,1.1985
1283,21,4.8630,1.2068
1284,11,7.4314,1.3281
1285,21,2.7544,1.1061
1286,71,3.3464,1.1760
1287,11,6.3119,1.4294
1288,36,13.2911,1.2333
1289,116,6.9374,1.1648
1290,21,6.5982,1.3863
1291,36,8.6763,1.0978
1290,-9,47.7957,1.5172
1291,46,8.8801,1.2971
1292,1,5.8832,1.5096
1293,26,6.1595,1.2088
1294,36,4.5750,1.0827
1295,1,18.6688,1.6749
1296,106,3.8458,1.2077
1297,11,15.1985,1.2991
1298,1,12.4819,1.2328
1299,21,5.4530,1.2742
1300,36,2.3474,1.3080
1301,26,4.1060,1.1674
1302,21,1.8775,1.1145
1290,21,4.6701,1.0842
1291,11,4.7585,1.1045
