Episode,Epsilon,Total_Reward,Barracks,TechLabs,Marauders,End_Loop,Reason,Is_Bottom_Right
1,1.000,-12,0,0,0,20160,Done,False
2,0.999,-12,0,0,0,20160,Done,False
3,0.998,-12,0,0,0,20160,Done,False
4,0.997,-12,0,0,0,20160,Done,False
5,0.996,-12,0,0,0,20160,Done,False
6,0.995,-12,0,0,0,20160,Done,False
7,0.994,-10,0,0,0,16400,Done,False
8,0.993,-12,0,0,0,20160,Done,False
9,0.992,-12,0,0,0,20160,Done,False
10,0.991,-12,0,0,0,20160,Done,False
11,0.990,-5,0,0,0,9584,Done,False
12,0.989,-12,0,0,0,20160,Done,False
13,0.988,-12,0,0,0,20160,Done,False
14,0.987,-12,0,0,0,20160,Done,False
15,0.986,-12,0,0,0,20160,Done,False
16,0.985,-12,0,0,0,20160,Done,False
17,0.984,-12,0,0,0,20160,Done,False
18,0.983,-12,0,0,0,20160,Done,False
19,0.982,-12,0,0,0,20160,Done,False
20,0.981,-12,0,0,0,20160,Done,False
21,0.980,-12,0,0,0,20160,Done,False
22,0.979,-12,0,0,0,20160,Done,False
23,0.978,-9,0,0,0,14640,Done,False
24,0.977,-12,0,0,0,20160,Done,False
25,0.976,-12,0,0,0,20160,Done,False
26,0.975,-12,0,0,0,20160,Done,False
27,0.974,-12,0,0,0,20160,Done,False
28,0.973,-12,0,0,0,20160,Done,False
29,0.972,-12,0,0,0,20160,Done,False
30,0.971,-12,0,0,0,20160,Done,False
31,0.970,-12,0,0,0,20160,Done,False
32,0.969,-12,0,0,0,20160,Done,False
33,0.968,-12,0,0,0,20160,Done,False
34,0.968,-12,0,0,0,20160,Done,False
35,0.967,-12,0,0,0,20160,Done,False
36,0.966,-12,0,0,0,20160,Done,False
37,0.965,-12,0,0,0,20160,Done,False
38,0.964,-12,0,0,0,20160,Done,False
39,0.963,-12,0,0,0,20160,Done,False
40,0.962,-12,0,0,0,20160,Done,False
41,0.961,-12,0,0,0,20160,Done,False
42,0.960,-12,0,0,0,20160,Done,False
43,0.959,-12,0,0,0,20160,Done,False
44,0.958,-12,0,0,0,20160,Done,False
45,0.957,-12,0,0,0,20160,Done,False
46,0.956,-12,0,0,0,20160,Done,False
47,0.955,-12,0,0,0,20160,Done,False
48,0.954,-12,0,0,0,20160,Done,False
49,0.953,-12,0,0,0,20160,Done,False
50,0.952,-12,0,0,0,20160,Done,False
51,0.951,-12,0,0,0,20160,Done,False
52,0.950,-12,0,0,0,20160,Done,False
53,0.949,-12,0,0,0,20160,Done,False
54,0.948,-12,0,0,0,20160,Done,False
55,0.947,-12,0,0,0,20160,Done,False
56,0.946,-12,0,0,0,20160,Done,False
57,0.946,-12,0,0,0,20160,Done,False
58,0.945,-12,0,0,0,20160,Done,False
59,0.944,-12,0,0,0,20160,Done,False
60,0.943,-12,0,0,0,20160,Done,False
61,0.942,-12,0,0,0,20160,Done,False
62,0.941,-12,0,0,0,20160,Done,False
63,0.940,-12,0,0,0,20160,Done,False
64,0.939,-12,0,0,0,20160,Done,False
65,0.938,-12,0,0,0,20160,Done,False
66,0.937,-12,0,0,0,20160,Done,False
67,0.936,-12,0,0,0,20160,Done,False
68,0.935,-12,0,0,0,20160,Done,False
69,0.934,-12,0,0,0,20160,Done,False
70,0.933,-12,0,0,0,20160,Done,False
71,0.932,-12,0,0,0,20160,Done,False
72,0.931,-12,0,0,0,20160,Done,False
73,0.930,-12,0,0,0,20160,Done,False
74,0.930,-12,0,0,0,20160,Done,False
75,0.929,-12,0,0,0,20160,Done,False
76,0.928,-12,0,0,0,20160,Done,False
77,0.927,-12,0,0,0,20160,Done,False
78,0.926,-12,0,0,0,20160,Done,False
79,0.925,-12,0,0,0,20160,Done,False
80,0.924,-12,0,0,0,20160,Done,False
81,0.923,-12,0,0,0,20160,Done,False
82,0.922,-12,0,0,0,20160,Done,False
83,0.921,-12,0,0,0,20160,Done,False
84,0.920,-12,0,0,0,20160,Done,False
85,0.919,-12,0,0,0,20160,Done,False
86,0.918,-12,0,0,0,20160,Done,False
87,0.918,-12,0,0,0,20160,Done,False
88,0.917,-12,0,0,0,20160,Done,False
89,0.916,-12,0,0,0,20160,Done,False
90,0.915,-12,0,0,0,20160,Done,False
91,0.914,-12,0,0,0,20160,Done,False
92,0.913,-12,0,0,0,20160,Done,False
93,0.912,-12,0,0,0,20160,Done,False
94,0.911,-5,0,0,0,9040,Done,False
95,0.910,-12,0,0,0,20160,Done,False
96,0.909,-12,0,0,0,20160,Done,False
97,0.908,-12,0,0,0,20160,Done,False
98,0.908,-12,0,0,0,20160,Done,False
99,0.907,-12,0,0,0,20160,Done,False
100,0.906,-12,0,0,0,20160,Done,False
101,0.905,-12,0,0,0,20160,Done,False
102,0.904,-12,0,0,0,20160,Done,False
103,0.903,-12,0,0,0,20160,Done,False
104,0.902,-12,0,0,0,20160,Done,False
105,0.901,-12,0,0,0,20160,Done,False
106,0.900,-12,0,0,0,20160,Done,False
107,0.899,-12,0,0,0,20160,Done,False
108,0.898,-12,0,0,0,20160,Done,False
109,0.898,-12,0,0,0,20160,Done,False
110,0.897,-12,0,0,0,20160,Done,False
111,0.896,-12,0,0,0,20160,Done,False
112,0.895,-12,0,0,0,20160,Done,False
113,0.894,-12,0,0,0,20160,Done,False
114,0.893,-12,0,0,0,20160,Done,False
115,0.892,-12,0,0,0,20160,Done,False
116,0.891,-12,0,0,0,20160,Done,False
117,0.890,-12,0,0,0,20160,Done,False
118,0.890,-12,0,0,0,20160,Done,False
119,0.889,-12,0,0,0,20160,Done,False
120,0.888,-12,0,0,0,20160,Done,False
121,0.887,-12,0,0,0,20160,Done,False
122,0.886,-12,0,0,0,20160,Done,False
123,0.885,-12,0,0,0,20160,Done,False
124,0.884,-12,0,0,0,20160,Done,False
125,0.883,-12,0,0,0,20160,Done,False
126,0.882,-12,0,0,0,20160,Done,False
127,0.882,-12,0,0,0,20160,Done,False
128,0.881,-12,0,0,0,20160,Done,False
129,0.880,-12,0,0,0,20160,Done,False
130,0.879,-12,0,0,0,20160,Done,False
131,0.878,-12,0,0,0,20160,Done,False
132,0.877,-12,0,0,0,20160,Done,False
133,0.876,-12,0,0,0,20160,Done,False
134,0.875,-12,0,0,0,20160,Done,False
135,0.875,-12,0,0,0,20160,Done,False
136,0.874,-12,0,0,0,20160,Done,False
137,0.873,-12,0,0,0,20160,Done,False
138,0.872,-12,0,0,0,20160,Done,False
139,0.871,-12,0,0,0,20160,Done,False
140,0.870,-12,0,0,0,20160,Done,False
141,0.869,-12,0,0,0,20160,Done,False
142,0.868,-12,0,0,0,20160,Done,False
143,0.868,-12,0,0,0,20160,Done,False
144,0.867,-12,0,0,0,20160,Done,False
145,0.866,-12,0,0,0,20160,Done,False
146,0.865,-12,0,0,0,20160,Done,False
147,0.864,-12,0,0,0,20160,Done,False
148,0.863,-12,0,0,0,20160,Done,False
149,0.862,-12,0,0,0,20160,Done,False
150,0.862,-12,0,0,0,20160,Done,False
151,0.861,-12,0,0,0,20160,Done,False
152,0.860,-12,0,0,0,20160,Done,False
153,0.859,-12,0,0,0,20160,Done,False
154,0.858,-12,0,0,0,20160,Done,False
155,0.857,-12,0,0,0,20160,Done,False
156,0.856,-12,0,0,0,20160,Done,False
157,0.855,-12,0,0,0,20160,Done,False
158,0.855,-12,0,0,0,20160,Done,False
159,0.854,-12,0,0,0,20160,Done,False
160,0.853,-12,0,0,0,20160,Done,False
161,0.852,-12,0,0,0,20160,Done,False
162,0.851,-12,0,0,0,20160,Done,False
163,0.850,-12,0,0,0,20160,Done,False
164,0.850,-12,0,0,0,20160,Done,False
165,0.849,-12,0,0,0,20160,Done,False
166,0.848,-12,0,0,0,20160,Done,False
167,0.847,-12,0,0,0,20160,Done,False
168,0.846,-12,0,0,0,20160,Done,False
169,0.845,-12,0,0,0,20160,Done,False
170,0.844,-12,0,0,0,20160,Done,False
171,0.844,-12,0,0,0,20160,Done,False
172,0.843,-12,0,0,0,20160,Done,False
173,0.842,-12,0,0,0,20160,Done,False
174,0.841,-12,0,0,0,20160,Done,False
175,0.840,-12,0,0,0,20160,Done,False
176,0.839,-12,0,0,0,20160,Done,False
177,0.839,-12,0,0,0,20160,Done,False
178,0.838,-12,0,0,0,20160,Done,False
179,0.837,-12,0,0,0,20160,Done,False
180,0.836,-12,0,0,0,20160,Done,False
181,0.835,-12,0,0,0,20160,Done,False
182,0.834,-12,0,0,0,20160,Done,False
183,0.834,-12,0,0,0,20160,Done,False
184,0.833,-12,0,0,0,20160,Done,False
185,0.832,-12,0,0,0,20160,Done,False
186,0.831,-12,0,0,0,20160,Done,False
187,0.830,-12,0,0,0,20160,Done,False
188,0.829,-12,0,0,0,20160,Done,False
189,0.829,-12,0,0,0,20160,Done,False
190,0.828,-12,0,0,0,20160,Done,False
191,0.827,-12,0,0,0,20160,Done,False
192,0.826,-12,0,0,0,20160,Done,False
193,0.825,-12,0,0,0,20160,Done,False
194,0.824,-12,0,0,0,20160,Done,False
195,0.824,-12,0,0,0,20160,Done,False
196,0.823,-12,0,0,0,20160,Done,False
197,0.822,-12,0,0,0,20096,Done,False
198,0.821,-12,0,0,0,20160,Done,False
199,0.820,-12,0,0,0,20160,Done,False
200,0.819,-12,0,0,0,20160,Done,False
201,0.819,-12,0,0,0,20160,Done,False
202,0.818,-12,0,0,0,20160,Done,False
203,0.817,-12,0,0,0,20160,Done,False
204,0.816,-12,0,0,0,20160,Done,False
205,0.815,-12,0,0,0,20160,Done,False
206,0.815,-12,0,0,0,20160,Done,False
207,0.814,-12,0,0,0,20160,Done,False
208,0.813,-12,0,0,0,20160,Done,False
209,0.812,-12,0,0,0,20160,Done,False
210,0.811,-12,0,0,0,20160,Done,False
211,0.810,-12,0,0,0,20160,Done,False
212,0.810,-12,0,0,0,20160,Done,False
213,0.809,-12,0,0,0,20160,Done,False
214,0.808,-12,0,0,0,20160,Done,False
215,0.807,-12,0,0,0,20160,Done,False
216,0.806,-12,0,0,0,20160,Done,False
217,0.806,-12,0,0,0,20160,Done,False
218,0.805,-12,0,0,0,20160,Done,False
219,0.804,-12,0,0,0,20160,Done,False
220,0.803,-12,0,0,0,20160,Done,False
221,0.802,-12,0,0,0,20160,Done,False
222,0.802,-12,0,0,0,20160,Done,False
223,0.801,-12,0,0,0,20160,Done,False
224,0.800,-12,0,0,0,20160,Done,False
225,0.799,-12,0,0,0,20160,Done,False
226,0.798,-12,0,0,0,20160,Done,False
227,0.798,-12,0,0,0,20160,Done,False
228,0.797,-12,0,0,0,20160,Done,False
229,0.796,-12,0,0,0,20160,Done,False
230,0.795,-12,0,0,0,20160,Done,False
231,0.794,-12,0,0,0,20160,Done,False
232,0.794,-12,0,0,0,20160,Done,False
233,0.793,-12,0,0,0,20160,Done,False
234,0.792,-12,0,0,0,20160,Done,False
235,0.791,-12,0,0,0,20160,Done,False
236,0.790,-12,0,0,0,20160,Done,False
237,0.790,-12,0,0,0,20160,Done,False
238,0.789,-12,0,0,0,20160,Done,False
239,0.788,-12,0,0,0,20160,Done,False
240,0.787,-12,0,0,0,20160,Done,False
241,0.787,-12,0,0,0,20160,Done,False
242,0.786,-12,0,0,0,20160,Done,False
243,0.785,-12,0,0,0,20160,Done,False
244,0.784,-12,0,0,0,20160,Done,False
245,0.783,-12,0,0,0,20160,Done,False
246,0.783,-12,0,0,0,20160,Done,False
247,0.782,-12,0,0,0,20160,Done,False
248,0.781,-12,0,0,0,20160,Done,False
249,0.780,-12,0,0,0,20160,Done,False
250,0.779,-12,0,0,0,20160,Done,False
251,0.779,-12,0,0,0,20160,Done,False
252,0.778,-12,0,0,0,20160,Done,False
253,0.777,-12,0,0,0,20160,Done,False
254,0.776,-12,0,0,0,20160,Done,False
255,0.776,-12,0,0,0,20160,Done,False
256,0.775,-12,0,0,0,20160,Done,False
257,0.774,-12,0,0,0,20160,Done,False
258,0.773,-12,0,0,0,20160,Done,False
259,0.772,-12,0,0,0,20160,Done,False
260,0.772,-12,0,0,0,20160,Done,False
261,0.771,-12,0,0,0,20160,Done,False
262,0.770,-12,0,0,0,20160,Done,False
263,0.769,-12,0,0,0,20160,Done,False
264,0.769,-12,0,0,0,20160,Done,False
265,0.768,-12,0,0,0,20160,Done,False
266,0.767,-12,0,0,0,20160,Done,False
267,0.766,-12,0,0,0,20160,Done,False
268,0.766,-12,0,0,0,20160,Done,False
269,0.765,-12,0,0,0,20160,Done,False
270,0.764,-12,0,0,0,20160,Done,False
271,0.763,-12,0,0,0,20160,Done,False
272,0.763,-12,0,0,0,20160,Done,False
273,0.762,-12,0,0,0,20160,Done,False
274,0.761,-12,0,0,0,20160,Done,False
275,0.760,-12,0,0,0,20160,Done,False
276,0.759,-12,0,0,0,20160,Done,False
277,0.759,-12,0,0,0,20160,Done,False
278,0.758,-12,0,0,0,20160,Done,False
279,0.757,-12,0,0,0,20160,Done,False
280,0.756,-12,0,0,0,20160,Done,False
281,0.756,-12,0,0,0,20160,Done,False
282,0.755,-12,0,0,0,20160,Done,False
283,0.754,-12,0,0,0,20160,Done,False
284,0.753,-12,0,0,0,20160,Done,False
285,0.753,-12,0,0,0,20160,Done,False
286,0.752,-12,0,0,0,20160,Done,False
287,0.751,-12,0,0,0,20160,Done,False
288,0.750,-12,0,0,0,20160,Done,False
289,0.750,-12,0,0,0,20160,Done,False
290,0.749,-12,0,0,0,20160,Done,False
291,0.748,-12,0,0,0,20160,Done,False
292,0.747,-12,0,0,0,20160,Done,False
293,0.747,-12,0,0,0,20160,Done,False
294,0.746,-12,0,0,0,20160,Done,False
295,0.745,-12,0,0,0,20160,Done,False
296,0.744,-12,0,0,0,20160,Done,False
297,0.744,-12,0,0,0,20160,Done,False
298,0.743,-12,0,0,0,20160,Done,False
299,0.742,-12,0,0,0,20160,Done,False
300,0.741,-12,0,0,0,20160,Done,False
301,0.741,-12,0,0,0,20160,Done,False
302,0.740,-12,0,0,0,20160,Done,False
303,0.739,-12,0,0,0,20160,Done,False
304,0.738,-12,0,0,0,20160,Done,False
305,0.738,-12,0,0,0,20160,Done,False
306,0.737,-12,0,0,0,20160,Done,False
307,0.736,-12,0,0,0,20160,Done,False
308,0.736,-12,0,0,0,20160,Done,False
309,0.735,-12,0,0,0,20160,Done,False
310,0.734,-12,0,0,0,20160,Done,False
311,0.733,-12,0,0,0,20160,Done,False
312,0.733,-12,0,0,0,20160,Done,False
313,0.732,-12,0,0,0,20160,Done,False
314,0.731,-12,0,0,0,20160,Done,False
315,0.730,-12,0,0,0,20160,Done,False
316,0.730,-12,0,0,0,20160,Done,False
317,0.729,-12,0,0,0,20160,Done,False
318,0.728,-12,0,0,0,20160,Done,False
319,0.727,-12,0,0,0,20160,Done,False
320,0.727,-12,0,0,0,20160,Done,False
321,0.726,-12,0,0,0,20160,Done,False
322,0.725,-12,0,0,0,20160,Done,False
323,0.725,-12,0,0,0,20160,Done,False
324,0.724,-12,0,0,0,20160,Done,False
325,0.723,-12,0,0,0,20160,Done,False
326,0.722,-12,0,0,0,20160,Done,False
327,0.722,-12,0,0,0,20160,Done,False
328,0.721,-12,0,0,0,20160,Done,False
329,0.720,-12,0,0,0,20160,Done,False
330,0.720,-12,0,0,0,20160,Done,False
331,0.719,-12,0,0,0,20160,Done,False
332,0.718,-12,0,0,0,20160,Done,False
333,0.717,-12,0,0,0,20160,Done,False
334,0.717,-12,0,0,0,20160,Done,False
335,0.716,-12,0,0,0,20160,Done,False
336,0.715,-12,0,0,0,20160,Done,False
337,0.715,-12,0,0,0,20160,Done,False
338,0.714,-12,0,0,0,20160,Done,False
339,0.713,-12,0,0,0,20160,Done,False
340,0.712,-12,0,0,0,20160,Done,False
341,0.712,-12,0,0,0,20160,Done,False
342,0.711,-12,0,0,0,20160,Done,False
343,0.710,-12,0,0,0,20160,Done,False
344,0.710,-12,0,0,0,20160,Done,False
345,0.709,-12,0,0,0,20160,Done,False
346,0.708,-12,0,0,0,20160,Done,False
347,0.707,-12,0,0,0,20160,Done,False
348,0.707,-12,0,0,0,20160,Done,False
349,0.706,-12,0,0,0,20160,Done,False
350,0.705,-12,0,0,0,20160,Done,False
351,0.705,-12,0,0,0,20160,Done,False
352,0.704,-12,0,0,0,20160,Done,False
353,0.703,-12,0,0,0,20160,Done,False
354,0.702,-12,0,0,0,20160,Done,False
355,0.702,-12,0,0,0,20160,Done,False
356,0.701,-12,0,0,0,20160,Done,False
357,0.700,-12,0,0,0,20160,Done,False
358,0.700,-12,0,0,0,20160,Done,False
359,0.699,-12,0,0,0,20160,Done,False
360,0.698,-12,0,0,0,20160,Done,False
361,0.698,-12,0,0,0,20160,Done,False
362,0.697,-12,0,0,0,20160,Done,False
363,0.696,-12,0,0,0,20160,Done,False
364,0.695,-12,0,0,0,20160,Done,False
365,0.695,-12,0,0,0,20160,Done,False
366,0.694,-12,0,0,0,20160,Done,False
367,0.693,-12,0,0,0,20160,Done,False
368,0.693,-12,0,0,0,20160,Done,False
369,0.692,-12,0,0,0,20160,Done,False
370,0.691,-12,0,0,0,20160,Done,False
371,0.691,-12,0,0,0,20160,Done,False
372,0.690,-12,0,0,0,20160,Done,False
373,0.689,-12,0,0,0,20160,Done,False
374,0.689,-12,0,0,0,20160,Done,False
375,0.688,-12,0,0,0,20160,Done,False
376,0.687,-12,0,0,0,20160,Done,False
377,0.686,-12,0,0,0,20160,Done,False
378,0.686,-12,0,0,0,20160,Done,False
379,0.685,-12,0,0,0,20160,Done,False
380,0.684,-12,0,0,0,20160,Done,False
381,0.684,-12,0,0,0,20160,Done,False
382,0.683,-12,0,0,0,20160,Done,False
383,0.682,-12,0,0,0,20160,Done,False
384,0.682,-12,0,0,0,20160,Done,False
385,0.681,-12,0,0,0,20160,Done,False
386,0.680,-12,0,0,0,20160,Done,False
387,0.680,-12,0,0,0,20160,Done,False
388,0.679,-12,0,0,0,20160,Done,False
389,0.678,-12,0,0,0,20160,Done,False
390,0.678,-12,0,0,0,20160,Done,False
391,0.677,-12,0,0,0,20160,Done,False
392,0.676,-12,0,0,0,20160,Done,False
393,0.676,-12,0,0,0,20160,Done,False
394,0.675,-12,0,0,0,20160,Done,False
395,0.674,-12,0,0,0,20160,Done,False
396,0.674,-12,0,0,0,20160,Done,False
397,0.673,-12,0,0,0,20160,Done,False
398,0.672,-12,0,0,0,20160,Done,False
399,0.672,-12,0,0,0,20160,Done,False
400,0.671,-12,0,0,0,20160,Done,False
401,0.670,-12,0,0,0,20160,Done,False
402,0.670,-12,0,0,0,20160,Done,False
403,0.669,-12,0,0,0,20160,Done,False
404,0.668,-12,0,0,0,20160,Done,False
405,0.668,-12,0,0,0,20160,Done,False
406,0.667,-12,0,0,0,20160,Done,False
407,0.666,-12,0,0,0,20160,Done,False
408,0.666,-12,0,0,0,20160,Done,False
409,0.665,-12,0,0,0,20160,Done,False
410,0.664,-12,0,0,0,20160,Done,False
411,0.664,-12,0,0,0,20160,Done,False
412,0.663,-12,0,0,0,20160,Done,False
413,0.662,-12,0,0,0,20160,Done,False
414,0.662,-12,0,0,0,20160,Done,False
415,0.661,-12,0,0,0,20160,Done,False
416,0.660,-12,0,0,0,20160,Done,False
417,0.660,-12,0,0,0,20160,Done,False
418,0.659,-12,0,0,0,20160,Done,False
419,0.658,-12,0,0,0,20160,Done,False
420,0.658,-12,0,0,0,20160,Done,False
421,0.657,-12,0,0,0,20160,Done,False
422,0.656,-12,0,0,0,20160,Done,False
423,0.656,-12,0,0,0,20160,Done,False
424,0.655,-12,0,0,0,20160,Done,False
425,0.654,-12,0,0,0,20160,Done,False
426,0.654,-12,0,0,0,20160,Done,False
427,0.653,-12,0,0,0,20160,Done,False
428,0.652,-12,0,0,0,20160,Done,False
429,0.652,-12,0,0,0,20160,Done,False
430,0.651,-12,0,0,0,20160,Done,False
431,0.650,-12,0,0,0,20160,Done,False
432,0.650,-12,0,0,0,20160,Done,False
433,0.649,-12,0,0,0,20160,Done,False
434,0.648,-12,0,0,0,20160,Done,False
435,0.648,-12,0,0,0,20160,Done,False
436,0.647,-12,0,0,0,20160,Done,False
437,0.646,-12,0,0,0,20160,Done,False
438,0.646,-12,0,0,0,20160,Done,False
439,0.645,-12,0,0,0,20160,Done,False
440,0.645,-12,0,0,0,20160,Done,False
441,0.644,-12,0,0,0,20160,Done,False
442,0.643,-12,0,0,0,20160,Done,False
443,0.643,-12,0,0,0,20160,Done,False
444,0.642,-12,0,0,0,20160,Done,False
445,0.641,-12,0,0,0,20160,Done,False
446,0.641,-12,0,0,0,20160,Done,False
447,0.640,-12,0,0,0,20160,Done,False
448,0.639,-12,0,0,0,20160,Done,False
449,0.639,-12,0,0,0,20160,Done,False
450,0.638,-12,0,0,0,20160,Done,False
451,0.637,-12,0,0,0,20160,Done,False
452,0.637,-12,0,0,0,20160,Done,False
453,0.636,-12,0,0,0,20160,Done,False
454,0.636,-12,0,0,0,20160,Done,False
455,0.635,-12,0,0,0,20160,Done,False
456,0.634,-12,0,0,0,20160,Done,False
457,0.634,-12,0,0,0,20160,Done,False
458,0.633,-12,0,0,0,20160,Done,False
459,0.632,-12,0,0,0,20160,Done,False
460,0.632,-12,0,0,0,20160,Done,False
461,0.631,-12,0,0,0,20160,Done,False
462,0.631,-12,0,0,0,20160,Done,False
463,0.630,-12,0,0,0,20160,Done,False
464,0.629,-12,0,0,0,20160,Done,False
465,0.629,-12,0,0,0,20160,Done,False
466,0.628,-12,0,0,0,20160,Done,False
467,0.627,-12,0,0,0,20160,Done,False
468,0.627,-12,0,0,0,20160,Done,False
469,0.626,-12,0,0,0,20160,Done,False
470,0.625,-12,0,0,0,20160,Done,False
471,0.625,-12,0,0,0,20160,Done,False
472,0.624,-12,0,0,0,20160,Done,False
473,0.624,-12,0,0,0,20160,Done,False
474,0.623,-12,0,0,0,20160,Done,False
475,0.622,-12,0,0,0,20160,Done,False
476,0.622,-12,0,0,0,20160,Done,False
477,0.621,-12,0,0,0,20160,Done,False
478,0.620,-12,0,0,0,20160,Done,False
479,0.620,-12,0,0,0,20160,Done,False
480,0.619,-12,0,0,0,20160,Done,False
481,0.619,-12,0,0,0,20160,Done,False
482,0.618,-12,0,0,0,20160,Done,False
483,0.617,-12,0,0,0,20160,Done,False
484,0.617,-12,0,0,0,20160,Done,False
485,0.616,-12,0,0,0,20160,Done,False
486,0.616,-12,0,0,0,20160,Done,False
487,0.615,-12,0,0,0,20160,Done,False
488,0.614,-12,0,0,0,20160,Done,False
489,0.614,-12,0,0,0,20160,Done,False
490,0.613,-12,0,0,0,20160,Done,False
491,0.612,-12,0,0,0,20160,Done,False
492,0.612,-12,0,0,0,20160,Done,False
493,0.611,-12,0,0,0,20160,Done,False
494,0.611,-12,0,0,0,20160,Done,False
495,0.610,-12,0,0,0,20160,Done,False
496,0.609,-12,0,0,0,20160,Done,False
497,0.609,-12,0,0,0,20160,Done,False
498,0.608,-12,0,0,0,20160,Done,False
499,0.608,-12,0,0,0,20160,Done,False
500,0.607,-12,0,0,0,20160,Done,False
501,0.606,-12,0,0,0,20160,Done,False
502,0.606,-12,0,0,0,20160,Done,False
503,0.605,-12,0,0,0,20160,Done,False
504,0.605,-12,0,0,0,20160,Done,False
505,0.604,-12,0,0,0,20160,Done,False
506,0.603,-12,0,0,0,20160,Done,False
507,0.603,-12,0,0,0,20160,Done,False
508,0.602,-12,0,0,0,20160,Done,False
509,0.602,-12,0,0,0,20160,Done,False
510,0.601,-12,0,0,0,20160,Done,False
511,0.600,-12,0,0,0,20160,Done,False
512,0.600,-12,0,0,0,20160,Done,False
513,0.599,-12,0,0,0,20160,Done,False
514,0.599,-12,0,0,0,20160,Done,False
515,0.598,-12,0,0,0,20160,Done,False
516,0.597,-12,0,0,0,20160,Done,False
517,0.597,-12,0,0,0,20160,Done,False
518,0.596,-12,0,0,0,20160,Done,False
519,0.596,-12,0,0,0,20160,Done,False
520,0.595,-12,0,0,0,20160,Done,False
521,0.594,-12,0,0,0,20160,Done,False
522,0.594,-12,0,0,0,20160,Done,False
523,0.593,-12,0,0,0,20160,Done,False
524,0.593,-12,0,0,0,20160,Done,False
525,0.592,-12,0,0,0,20160,Done,False
526,0.591,-12,0,0,0,20160,Done,False
527,0.591,-12,0,0,0,20160,Done,False
528,0.590,-12,0,0,0,20160,Done,False
529,0.590,-12,0,0,0,20160,Done,False
530,0.589,-12,0,0,0,20160,Done,False
531,0.588,-12,0,0,0,20160,Done,False
532,0.588,-12,0,0,0,20160,Done,False
533,0.587,-12,0,0,0,20160,Done,False
534,0.587,-12,0,0,0,20160,Done,False
535,0.586,-12,0,0,0,20160,Done,False
536,0.586,-12,0,0,0,20160,Done,False
537,0.585,-12,0,0,0,20160,Done,False
538,0.584,-12,0,0,0,20160,Done,False
539,0.584,-12,0,0,0,20160,Done,False
540,0.583,-12,0,0,0,20160,Done,False
541,0.583,-12,0,0,0,20160,Done,False
542,0.582,-12,0,0,0,20160,Done,False
543,0.581,-12,0,0,0,20160,Done,False
544,0.581,-12,0,0,0,20160,Done,False
545,0.580,-12,0,0,0,20160,Done,False
546,0.580,-12,0,0,0,20160,Done,False
547,0.579,-12,0,0,0,20160,Done,False
548,0.579,-12,0,0,0,20160,Done,False
549,0.578,-12,0,0,0,20160,Done,False
550,0.577,-12,0,0,0,20160,Done,False
551,0.577,-12,0,0,0,20160,Done,False
552,0.576,-12,0,0,0,20160,Done,False
553,0.576,-12,0,0,0,20160,Done,False
554,0.575,-12,0,0,0,20160,Done,False
555,0.574,-12,0,0,0,20160,Done,False
556,0.574,-12,0,0,0,20160,Done,False
557,0.573,-12,0,0,0,20160,Done,False
558,0.573,-12,0,0,0,20160,Done,False
559,0.572,-12,0,0,0,20160,Done,False
560,0.572,-12,0,0,0,20160,Done,False
561,0.571,-12,0,0,0,20160,Done,False
562,0.570,-12,0,0,0,20160,Done,False
563,0.570,-12,0,0,0,20160,Done,False
564,0.569,-12,0,0,0,20160,Done,False
565,0.569,-12,0,0,0,20160,Done,False
566,0.568,-12,0,0,0,20160,Done,False
567,0.568,-12,0,0,0,20160,Done,False
568,0.567,-12,0,0,0,20160,Done,False
569,0.566,-12,0,0,0,20160,Done,False
570,0.566,-12,0,0,0,20160,Done,False
571,0.565,-12,0,0,0,20160,Done,False
572,0.565,-12,0,0,0,20160,Done,False
573,0.564,-12,0,0,0,20160,Done,False
574,0.564,-12,0,0,0,20160,Done,False
575,0.563,-12,0,0,0,20160,Done,False
576,0.563,-12,0,0,0,20160,Done,False
577,0.562,-12,0,0,0,20160,Done,False
578,0.561,-12,0,0,0,20160,Done,False
579,0.561,-12,0,0,0,20160,Done,False
580,0.560,-12,0,0,0,20160,Done,False
581,0.560,-12,0,0,0,20160,Done,False
582,0.559,-12,0,0,0,20160,Done,False
583,0.559,-12,0,0,0,20160,Done,False
584,0.558,-12,0,0,0,20160,Done,False
585,0.558,-12,0,0,0,20160,Done,False
586,0.557,-12,0,0,0,20160,Done,False
587,0.556,-12,0,0,0,20160,Done,False
588,0.556,-12,0,0,0,20160,Done,False
589,0.555,-12,0,0,0,20160,Done,False
590,0.555,-12,0,0,0,20160,Done,False
591,0.554,-12,0,0,0,20160,Done,False
592,0.554,-12,0,0,0,20160,Done,False
593,0.553,-12,0,0,0,20160,Done,False
594,0.553,-12,0,0,0,20160,Done,False
595,0.552,-12,0,0,0,20160,Done,False
596,0.551,-12,0,0,0,20160,Done,False
597,0.551,-12,0,0,0,20160,Done,False
598,0.550,-12,0,0,0,20160,Done,False
599,0.550,-12,0,0,0,20160,Done,False
600,0.549,-12,0,0,0,20160,Done,False
601,0.549,-12,0,0,0,20160,Done,False
602,0.548,-12,0,0,0,20160,Done,False
603,0.548,-12,0,0,0,20160,Done,False
604,0.547,-12,0,0,0,20160,Done,False
605,0.546,-12,0,0,0,20160,Done,False
606,0.546,-12,0,0,0,20160,Done,False
607,0.545,-12,0,0,0,20160,Done,False
608,0.545,-12,0,0,0,20160,Done,False
609,0.544,-12,0,0,0,20160,Done,False
610,0.544,-12,0,0,0,20160,Done,False
611,0.543,-12,0,0,0,20160,Done,False
612,0.543,-12,0,0,0,20160,Done,False
613,0.542,-12,0,0,0,20160,Done,False
614,0.542,-12,0,0,0,20160,Done,False
615,0.541,-12,0,0,0,20160,Done,False
616,0.540,-12,0,0,0,20160,Done,False
617,0.540,-12,0,0,0,20160,Done,False
618,0.539,-12,0,0,0,20160,Done,False
619,0.539,-12,0,0,0,20160,Done,False
620,0.538,-12,0,0,0,20160,Done,False
621,0.538,-12,0,0,0,20160,Done,False
622,0.537,-12,0,0,0,20160,Done,False
623,0.537,-12,0,0,0,20160,Done,False
624,0.536,-12,0,0,0,20160,Done,False
625,0.536,-12,0,0,0,20160,Done,False
626,0.535,-12,0,0,0,20160,Done,False
627,0.535,-12,0,0,0,20160,Done,False
628,0.534,-12,0,0,0,20160,Done,False
629,0.533,-12,0,0,0,20160,Done,False
630,0.533,-12,0,0,0,20160,Done,False
631,0.532,-12,0,0,0,20160,Done,False
632,0.532,-12,0,0,0,20160,Done,False
633,0.531,-12,0,0,0,20160,Done,False
634,0.531,-12,0,0,0,20160,Done,False
635,0.530,-12,0,0,0,20160,Done,False
636,0.530,-12,0,0,0,20160,Done,False
637,0.529,-12,0,0,0,20160,Done,False
638,0.529,-12,0,0,0,20160,Done,False
639,0.528,-12,0,0,0,20160,Done,False
640,0.528,-12,0,0,0,20160,Done,False
641,0.527,-12,0,0,0,20160,Done,False
642,0.527,-12,0,0,0,20160,Done,False
643,0.526,-12,0,0,0,20160,Done,False
644,0.526,-12,0,0,0,20160,Done,False
645,0.525,-12,0,0,0,20160,Done,False
646,0.524,-12,0,0,0,20160,Done,False
647,0.524,-12,0,0,0,20160,Done,False
648,0.523,-12,0,0,0,20160,Done,False
649,0.523,-12,0,0,0,20160,Done,False
650,0.522,-12,0,0,0,20160,Done,False
651,0.522,-12,0,0,0,20160,Done,False
652,0.521,-12,0,0,0,20160,Done,False
653,0.521,-12,0,0,0,20160,Done,False
654,0.520,-12,0,0,0,20160,Done,False
655,0.520,-12,0,0,0,20160,Done,False
656,0.519,-12,0,0,0,20160,Done,False
657,0.519,-12,0,0,0,20160,Done,False
658,0.518,-12,0,0,0,20160,Done,False
659,0.518,-12,0,0,0,20160,Done,False
660,0.517,-12,0,0,0,20160,Done,False
661,0.517,-12,0,0,0,20160,Done,False
662,0.516,-12,0,0,0,20160,Done,False
663,0.516,-12,0,0,0,20160,Done,False
664,0.515,-12,0,0,0,20160,Done,False
665,0.515,-12,0,0,0,20160,Done,False
666,0.514,-12,0,0,0,20160,Done,False
667,0.514,-12,0,0,0,20160,Done,False
668,0.513,-12,0,0,0,20160,Done,False
669,0.513,-12,0,0,0,20160,Done,False
670,0.512,-12,0,0,0,20160,Done,False
671,0.512,-12,0,0,0,20160,Done,False
672,0.511,-12,0,0,0,20160,Done,False
673,0.511,-12,0,0,0,20160,Done,False
674,0.510,-12,0,0,0,20160,Done,False
675,0.509,-12,0,0,0,20160,Done,False
676,0.509,-12,0,0,0,20160,Done,False
677,0.508,-12,0,0,0,20160,Done,False
678,0.508,-12,0,0,0,20160,Done,False
679,0.507,-12,0,0,0,20160,Done,False
680,0.507,-12,0,0,0,20160,Done,False
681,0.506,-12,0,0,0,20160,Done,False
682,0.506,-12,0,0,0,20160,Done,False
683,0.505,-12,0,0,0,20160,Done,False
684,0.505,-12,0,0,0,20160,Done,False
685,0.504,-12,0,0,0,20160,Done,False
686,0.504,-12,0,0,0,20160,Done,False
687,0.503,-12,0,0,0,20160,Done,False
688,0.503,-12,0,0,0,20160,Done,False
689,0.502,-12,0,0,0,20160,Done,False
690,0.502,-12,0,0,0,20160,Done,False
691,0.501,-12,0,0,0,20160,Done,False
692,0.501,-12,0,0,0,20160,Done,False
693,0.500,-12,0,0,0,20160,Done,False
694,0.500,-12,0,0,0,20160,Done,False
695,0.499,-12,0,0,0,20160,Done,False
696,0.499,-12,0,0,0,20160,Done,False
697,0.498,-12,0,0,0,20160,Done,False
698,0.498,-12,0,0,0,20160,Done,False
699,0.497,-12,0,0,0,20160,Done,False
700,0.497,-12,0,0,0,20160,Done,False
701,0.496,-12,0,0,0,20160,Done,False
702,0.496,-12,0,0,0,20160,Done,False
703,0.495,-12,0,0,0,20160,Done,False
704,0.495,-12,0,0,0,20160,Done,False
705,0.494,-12,0,0,0,20160,Done,False
706,0.494,-12,0,0,0,20160,Done,False
707,0.493,-12,0,0,0,20160,Done,False
708,0.493,-12,0,0,0,20160,Done,False
709,0.492,-12,0,0,0,20160,Done,False
710,0.492,-12,0,0,0,20160,Done,False
711,0.491,-12,0,0,0,20160,Done,False
712,0.491,-12,0,0,0,20160,Done,False
713,0.490,-12,0,0,0,20160,Done,False
714,0.490,-12,0,0,0,20160,Done,False
715,0.490,-12,0,0,0,20160,Done,False
716,0.489,-9,0,0,0,15984,Done,False
717,0.489,-12,0,0,0,20160,Done,False
718,0.488,-12,0,0,0,20160,Done,False
719,0.488,-12,0,0,0,20160,Done,False
720,0.487,-12,0,0,0,20160,Done,False
721,0.487,-12,0,0,0,20160,Done,False
722,0.486,-12,0,0,0,20160,Done,False
723,0.486,-12,0,0,0,20160,Done,False
724,0.485,-12,0,0,0,20160,Done,False
725,0.485,-12,0,0,0,20160,Done,False
726,0.484,-12,0,0,0,20160,Done,False
727,0.484,-12,0,0,0,20160,Done,False
728,0.483,-12,0,0,0,20160,Done,False
729,0.483,-12,0,0,0,20160,Done,False
730,0.482,-12,0,0,0,20160,Done,False
731,0.482,-12,0,0,0,20160,Done,False
732,0.481,-12,0,0,0,20160,Done,False
733,0.481,-12,0,0,0,20160,Done,False
734,0.480,-12,0,0,0,20160,Done,False
735,0.480,-12,0,0,0,20160,Done,False
736,0.479,-12,0,0,0,20160,Done,False
737,0.479,-12,0,0,0,20160,Done,False
738,0.478,-12,0,0,0,20160,Done,False
739,0.478,-12,0,0,0,20160,Done,False
740,0.477,-12,0,0,0,20160,Done,False
741,0.477,-12,0,0,0,20160,Done,False
742,0.476,-12,0,0,0,20160,Done,False
743,0.476,-12,0,0,0,20160,Done,False
744,0.476,-12,0,0,0,20160,Done,False
745,0.475,-12,0,0,0,20160,Done,False
746,0.475,-12,0,0,0,20160,Done,False
747,0.474,-12,0,0,0,20160,Done,False
748,0.474,-12,0,0,0,20160,Done,False
749,0.473,-12,0,0,0,20160,Done,False
750,0.473,-12,0,0,0,20160,Done,False
751,0.472,-12,0,0,0,20160,Done,False
752,0.472,-12,0,0,0,20160,Done,False
753,0.471,-12,0,0,0,20160,Done,False
754,0.471,-12,0,0,0,20160,Done,False
755,0.470,-12,0,0,0,20160,Done,False
756,0.470,-12,0,0,0,20160,Done,False
757,0.469,-12,0,0,0,20160,Done,False
758,0.469,-12,0,0,0,20160,Done,False
759,0.468,-12,0,0,0,20160,Done,False
760,0.468,-12,0,0,0,20160,Done,False
761,0.467,-12,0,0,0,20160,Done,False
762,0.467,-12,0,0,0,20160,Done,False
763,0.467,-12,0,0,0,20160,Done,False
764,0.466,-12,0,0,0,20160,Done,False
765,0.466,-12,0,0,0,20160,Done,False
766,0.465,-12,0,0,0,20160,Done,False
767,0.465,-12,0,0,0,20160,Done,False
768,0.464,-12,0,0,0,20160,Done,False
769,0.464,-12,0,0,0,20160,Done,False
770,0.463,-12,0,0,0,20160,Done,False
771,0.463,-12,0,0,0,20160,Done,False
772,0.462,-12,0,0,0,20160,Done,False
773,0.462,-12,0,0,0,20160,Done,False
774,0.461,-12,0,0,0,20160,Done,False
775,0.461,-12,0,0,0,20160,Done,False
776,0.461,-12,0,0,0,20160,Done,False
777,0.460,-12,0,0,0,20160,Done,False
778,0.460,-12,0,0,0,20160,Done,False
779,0.459,-12,0,0,0,20160,Done,False
780,0.459,-12,0,0,0,20160,Done,False
781,0.458,-12,0,0,0,20160,Done,False
782,0.458,-12,0,0,0,20160,Done,False
783,0.457,-12,0,0,0,20160,Done,False
784,0.457,-12,0,0,0,20160,Done,False
785,0.456,-12,0,0,0,20160,Done,False
786,0.456,-12,0,0,0,20160,Done,False
787,0.455,-12,0,0,0,20160,Done,False
788,0.455,-12,0,0,0,20160,Done,False
789,0.455,-12,0,0,0,20160,Done,False
790,0.454,-12,0,0,0,20160,Done,False
791,0.454,-12,0,0,0,20160,Done,False
792,0.453,-12,0,0,0,20160,Done,False
793,0.453,-12,0,0,0,20160,Done,False
794,0.452,-12,0,0,0,20160,Done,False
795,0.452,-12,0,0,0,20160,Done,False
796,0.451,-12,0,0,0,20160,Done,False
797,0.451,-12,0,0,0,20160,Done,False
798,0.450,-12,0,0,0,20160,Done,False
799,0.450,-12,0,0,0,20160,Done,False
800,0.450,-12,0,0,0,20160,Done,False
801,0.449,-12,0,0,0,20160,Done,False
802,0.449,-12,0,0,0,20160,Done,False
803,0.448,-12,0,0,0,20160,Done,False
804,0.448,-12,0,0,0,20160,Done,False
805,0.447,-12,0,0,0,20160,Done,False
806,0.447,-12,0,0,0,20160,Done,False
807,0.446,-12,0,0,0,20160,Done,False
808,0.446,-12,0,0,0,20160,Done,False
809,0.446,-12,0,0,0,20160,Done,False
810,0.445,-12,0,0,0,20160,Done,False
811,0.445,-12,0,0,0,20160,Done,False
812,0.444,-12,0,0,0,20160,Done,False
813,0.444,-12,0,0,0,20160,Done,False
814,0.443,-12,0,0,0,20160,Done,False
815,0.443,-12,0,0,0,20160,Done,False
816,0.442,-12,0,0,0,20160,Done,False
817,0.442,-12,0,0,0,20160,Done,False
818,0.442,-12,0,0,0,20160,Done,False
819,0.441,-12,0,0,0,20160,Done,False
820,0.441,-12,0,0,0,20160,Done,False
821,0.440,-12,0,0,0,20160,Done,False
822,0.440,-12,0,0,0,20160,Done,False
823,0.439,-12,0,0,0,20160,Done,False
824,0.439,-12,0,0,0,20160,Done,False
825,0.438,-12,0,0,0,20160,Done,False
826,0.438,-12,0,0,0,20160,Done,False
827,0.438,-12,0,0,0,20160,Done,False
828,0.437,-12,0,0,0,20160,Done,False
829,0.437,-12,0,0,0,20160,Done,False
830,0.436,-12,0,0,0,20160,Done,False
831,0.436,-12,0,0,0,20160,Done,False
832,0.435,-12,0,0,0,20160,Done,False
833,0.435,-12,0,0,0,20160,Done,False
834,0.435,-12,0,0,0,20160,Done,False
835,0.434,-12,0,0,0,20160,Done,False
836,0.434,-12,0,0,0,20160,Done,False
837,0.433,-12,0,0,0,20160,Done,False
838,0.433,-12,0,0,0,20160,Done,False
839,0.432,-12,0,0,0,20160,Done,False
840,0.432,-12,0,0,0,20160,Done,False
841,0.432,-12,0,0,0,20160,Done,False
842,0.431,-12,0,0,0,20160,Done,False
843,0.431,-12,0,0,0,20160,Done,False
844,0.430,-12,0,0,0,20160,Done,False
845,0.430,-12,0,0,0,20160,Done,False
846,0.429,-12,0,0,0,20160,Done,False
847,0.429,-12,0,0,0,20160,Done,False
848,0.429,-12,0,0,0,20160,Done,False
849,0.428,-12,0,0,0,20160,Done,False
850,0.428,-12,0,0,0,20160,Done,False
851,0.427,-12,0,0,0,20160,Done,False
852,0.427,-12,0,0,0,20160,Done,False
853,0.426,-12,0,0,0,20160,Done,False
854,0.426,-12,0,0,0,20160,Done,False
855,0.426,-12,0,0,0,20160,Done,False
856,0.425,-12,0,0,0,20160,Done,False
857,0.425,-12,0,0,0,20160,Done,False
858,0.424,-12,0,0,0,20160,Done,False
859,0.424,-12,0,0,0,20160,Done,False
860,0.423,-12,0,0,0,20160,Done,False
861,0.423,-12,0,0,0,20160,Done,False
862,0.423,-12,0,0,0,20160,Done,False
863,0.422,-12,0,0,0,20160,Done,False
864,0.422,-12,0,0,0,20160,Done,False
865,0.421,-12,0,0,0,20160,Done,False
866,0.421,-12,0,0,0,20160,Done,False
867,0.420,-12,0,0,0,20160,Done,False
868,0.420,-12,0,0,0,20160,Done,False
869,0.420,-12,0,0,0,20160,Done,False
870,0.419,-12,0,0,0,20160,Done,False
871,0.419,-12,0,0,0,20160,Done,False
872,0.418,-12,0,0,0,20160,Done,False
873,0.418,-12,0,0,0,20160,Done,False
874,0.418,-12,0,0,0,20160,Done,False
875,0.417,-12,0,0,0,20160,Done,False
876,0.417,-12,0,0,0,20160,Done,False
877,0.416,-12,0,0,0,20160,Done,False
878,0.416,-12,0,0,0,20160,Done,False
879,0.415,-12,0,0,0,20160,Done,False
880,0.415,-12,0,0,0,20160,Done,False
881,0.415,-12,0,0,0,20160,Done,False
882,0.414,-12,0,0,0,20160,Done,False
883,0.414,-12,0,0,0,20160,Done,False
884,0.413,-12,0,0,0,20160,Done,False
885,0.413,-12,0,0,0,20160,Done,False
886,0.413,-12,0,0,0,20160,Done,False
887,0.412,-12,0,0,0,20160,Done,False
888,0.412,-12,0,0,0,20160,Done,False
889,0.411,-12,0,0,0,20160,Done,False
890,0.411,-12,0,0,0,20160,Done,False
891,0.410,-12,0,0,0,20160,Done,False
892,0.410,-12,0,0,0,20160,Done,False
893,0.410,-12,0,0,0,20160,Done,False
894,0.409,-12,0,0,0,20160,Done,False
895,0.409,-12,0,0,0,20160,Done,False
896,0.408,-12,0,0,0,20160,Done,False
897,0.408,-12,0,0,0,20160,Done,False
898,0.408,-12,0,0,0,20160,Done,False
899,0.407,-12,0,0,0,20160,Done,False
900,0.407,-12,0,0,0,20160,Done,False
901,0.406,-12,0,0,0,20160,Done,False
902,0.406,-12,0,0,0,20160,Done,False
903,0.406,-12,0,0,0,20160,Done,False
904,0.405,-12,0,0,0,20160,Done,False
905,0.405,-12,0,0,0,20160,Done,False
906,0.404,-12,0,0,0,20160,Done,False
907,0.404,-12,0,0,0,20160,Done,False
908,0.404,-12,0,0,0,20160,Done,False
909,0.403,-12,0,0,0,20160,Done,False
910,0.403,-12,0,0,0,20160,Done,False
911,0.402,-12,0,0,0,20160,Done,False
912,0.402,-12,0,0,0,20160,Done,False
913,0.402,-12,0,0,0,20160,Done,False
914,0.401,-12,0,0,0,20160,Done,False
915,0.401,-12,0,0,0,20160,Done,False
916,0.400,-12,0,0,0,20160,Done,False
917,0.400,-12,0,0,0,20160,Done,False
918,0.400,-12,0,0,0,20160,Done,False
919,0.399,-12,0,0,0,20160,Done,False
920,0.399,-12,0,0,0,20160,Done,False
921,0.398,-12,0,0,0,20160,Done,False
922,0.398,-12,0,0,0,20160,Done,False
923,0.398,-12,0,0,0,20160,Done,False
924,0.397,-12,0,0,0,20160,Done,False
925,0.397,-12,0,0,0,20160,Done,False
926,0.396,-12,0,0,0,20160,Done,False
927,0.396,-12,0,0,0,20160,Done,False
928,0.396,-12,0,0,0,20160,Done,False
929,0.395,-12,0,0,0,20160,Done,False
930,0.395,-12,0,0,0,20160,Done,False
931,0.394,-12,0,0,0,20160,Done,False
932,0.394,-12,0,0,0,20160,Done,False
933,0.394,-12,0,0,0,20160,Done,False
934,0.393,-12,0,0,0,20160,Done,False
935,0.393,-12,0,0,0,20160,Done,False
936,0.392,-12,0,0,0,20160,Done,False
937,0.392,-12,0,0,0,20160,Done,False
938,0.392,-12,0,0,0,20160,Done,False
939,0.391,-12,0,0,0,20160,Done,False
940,0.391,-12,0,0,0,20160,Done,False
941,0.390,-12,0,0,0,20160,Done,False
942,0.390,-12,0,0,0,20160,Done,False
943,0.390,-12,0,0,0,20160,Done,False
944,0.389,-12,0,0,0,20160,Done,False
945,0.389,-12,0,0,0,20160,Done,False
946,0.388,-12,0,0,0,20160,Done,False
947,0.388,-12,0,0,0,20160,Done,False
948,0.388,-12,0,0,0,20160,Done,False
949,0.387,-12,0,0,0,20160,Done,False
950,0.387,-12,0,0,0,20160,Done,False
951,0.387,-12,0,0,0,20160,Done,False
952,0.386,-12,0,0,0,20160,Done,False
953,0.386,-12,0,0,0,20160,Done,False
954,0.385,-12,0,0,0,20160,Done,False
955,0.385,-12,0,0,0,20160,Done,False
956,0.385,-12,0,0,0,20160,Done,False
957,0.384,-12,0,0,0,20160,Done,False
958,0.384,-12,0,0,0,20160,Done,False
959,0.383,-12,0,0,0,20160,Done,False
960,0.383,-12,0,0,0,20160,Done,False
961,0.383,-12,0,0,0,20160,Done,False
962,0.382,-12,0,0,0,20160,Done,False
963,0.382,-12,0,0,0,20160,Done,False
964,0.382,-12,0,0,0,20160,Done,False
965,0.381,-12,0,0,0,20160,Done,False
966,0.381,-12,0,0,0,20160,Done,False
967,0.380,-12,0,0,0,20160,Done,False
968,0.380,-12,0,0,0,20160,Done,False
969,0.380,-12,0,0,0,20160,Done,False
970,0.379,-12,0,0,0,20160,Done,False
971,0.379,-12,0,0,0,20160,Done,False
972,0.379,-12,0,0,0,20160,Done,False
973,0.378,-12,0,0,0,20160,Done,False
974,0.378,-12,0,0,0,20160,Done,False
975,0.377,-12,0,0,0,20160,Done,False
976,0.377,-12,0,0,0,20160,Done,False
977,0.377,-12,0,0,0,20160,Done,False
978,0.376,-12,0,0,0,20160,Done,False
979,0.376,-12,0,0,0,20160,Done,False
980,0.376,-12,0,0,0,20160,Done,False
981,0.375,-12,0,0,0,20160,Done,False
982,0.375,-12,0,0,0,20160,Done,False
983,0.374,-12,0,0,0,20160,Done,False
984,0.374,-12,0,0,0,20160,Done,False
985,0.374,-12,0,0,0,20160,Done,False
986,0.373,-12,0,0,0,20160,Done,False
987,0.373,-12,0,0,0,20160,Done,False
988,0.373,-12,0,0,0,20160,Done,False
989,0.372,-12,0,0,0,20160,Done,False
990,0.372,-12,0,0,0,20160,Done,False
991,0.371,-12,0,0,0,20160,Done,False
992,0.371,-12,0,0,0,20160,Done,False
993,0.371,-12,0,0,0,20160,Done,False
994,0.370,-12,0,0,0,20160,Done,False
995,0.370,-12,0,0,0,20160,Done,False
996,0.370,-12,0,0,0,20160,Done,False
997,0.369,-12,0,0,0,20160,Done,False
998,0.369,-12,0,0,0,20160,Done,False
999,0.368,-12,0,0,0,20160,Done,False
1000,0.368,-12,0,0,0,20160,Done,False
